{
    "name": "root",
    "gauges": {
        "PetanqueThrower.Policy.Entropy.mean": {
            "value": 1.4058490991592407,
            "min": 1.405287265777588,
            "max": 1.447471022605896,
            "count": 187
        },
        "PetanqueThrower.Policy.Entropy.sum": {
            "value": 2756.8701171875,
            "min": 2744.47705078125,
            "max": 2962.918701171875,
            "count": 187
        },
        "PetanqueThrower.Step.mean": {
            "value": 373942.0,
            "min": 1992.0,
            "max": 373942.0,
            "count": 187
        },
        "PetanqueThrower.Step.sum": {
            "value": 373942.0,
            "min": 1992.0,
            "max": 373942.0,
            "count": 187
        },
        "PetanqueThrower.Policy.ExtrinsicValueEstimate.mean": {
            "value": 1.4086530208587646,
            "min": 0.03049454838037491,
            "max": 1.839455008506775,
            "count": 187
        },
        "PetanqueThrower.Policy.ExtrinsicValueEstimate.sum": {
            "value": 59.16342544555664,
            "min": 1.128298282623291,
            "max": 77.25711059570312,
            "count": 187
        },
        "PetanqueThrower.Environment.EpisodeLength.mean": {
            "value": 129.66666666666666,
            "min": 105.47368421052632,
            "max": 136.21428571428572,
            "count": 187
        },
        "PetanqueThrower.Environment.EpisodeLength.sum": {
            "value": 1945.0,
            "min": 1827.0,
            "max": 2132.0,
            "count": 187
        },
        "PetanqueThrower.Environment.CumulativeReward.mean": {
            "value": 4.214930422107378,
            "min": 0.13642146376272044,
            "max": 4.720564730962118,
            "count": 187
        },
        "PetanqueThrower.Environment.CumulativeReward.sum": {
            "value": 63.22395633161068,
            "min": 2.0463219564408064,
            "max": 73.33983151614666,
            "count": 187
        },
        "PetanqueThrower.Policy.ExtrinsicReward.mean": {
            "value": 4.214930422107378,
            "min": 0.13642146376272044,
            "max": 4.720564730962118,
            "count": 187
        },
        "PetanqueThrower.Policy.ExtrinsicReward.sum": {
            "value": 63.22395633161068,
            "min": 2.0463219564408064,
            "max": 73.33983151614666,
            "count": 187
        },
        "PetanqueThrower.IsTraining.mean": {
            "value": 1.0,
            "min": 1.0,
            "max": 1.0,
            "count": 187
        },
        "PetanqueThrower.IsTraining.sum": {
            "value": 1.0,
            "min": 1.0,
            "max": 1.0,
            "count": 187
        },
        "PetanqueThrower.Losses.PolicyLoss.mean": {
            "value": 0.06392394176217901,
            "min": 0.05327525742177386,
            "max": 0.09401156237436226,
            "count": 179
        },
        "PetanqueThrower.Losses.PolicyLoss.sum": {
            "value": 0.06392394176217901,
            "min": 0.05327525742177386,
            "max": 0.09401156237436226,
            "count": 179
        },
        "PetanqueThrower.Losses.ValueLoss.mean": {
            "value": 0.019110941163186606,
            "min": 0.015438790180875609,
            "max": 0.07541468157432973,
            "count": 179
        },
        "PetanqueThrower.Losses.ValueLoss.sum": {
            "value": 0.019110941163186606,
            "min": 0.015438790180875609,
            "max": 0.07541468157432973,
            "count": 179
        },
        "PetanqueThrower.Policy.LearningRate.mean": {
            "value": 0.00018836703721099998,
            "min": 0.00018836703721099998,
            "max": 0.0002993796002067999,
            "count": 179
        },
        "PetanqueThrower.Policy.LearningRate.sum": {
            "value": 0.00018836703721099998,
            "min": 0.00018836703721099998,
            "max": 0.0002993796002067999,
            "count": 179
        },
        "PetanqueThrower.Policy.Epsilon.mean": {
            "value": 0.16278900000000004,
            "min": 0.16278900000000004,
            "max": 0.1997932,
            "count": 179
        },
        "PetanqueThrower.Policy.Epsilon.sum": {
            "value": 0.16278900000000004,
            "min": 0.16278900000000004,
            "max": 0.1997932,
            "count": 179
        },
        "PetanqueThrower.Policy.Beta.mean": {
            "value": 0.003143171100000001,
            "min": 0.003143171100000001,
            "max": 0.0049896806800000006,
            "count": 179
        },
        "PetanqueThrower.Policy.Beta.sum": {
            "value": 0.003143171100000001,
            "min": 0.003143171100000001,
            "max": 0.0049896806800000006,
            "count": 179
        }
    },
    "metadata": {
        "timer_format_version": "0.1.0",
        "start_time_seconds": "1747759063",
        "python_version": "3.8.20 (default, Oct  3 2024, 15:19:54) [MSC v.1929 64 bit (AMD64)]",
        "command_line_arguments": "C:\\Users\\milan\\anaconda3\\envs\\ml-agent-ball\\Scripts\\mlagents-learn .\\config\\mltraining.yaml --run-id=Ball-V4 --force",
        "mlagents_version": "0.30.0",
        "mlagents_envs_version": "0.30.0",
        "communication_protocol_version": "1.5.0",
        "pytorch_version": "2.4.1+cpu",
        "numpy_version": "1.21.2",
        "end_time_seconds": "1747763297"
    },
    "total": 4234.5333455,
    "count": 1,
    "self": 0.010244300000522344,
    "children": {
        "run_training.setup": {
            "total": 0.12275910000000012,
            "count": 1,
            "self": 0.12275910000000012
        },
        "TrainerController.start_learning": {
            "total": 4234.4003421,
            "count": 1,
            "self": 11.36874049997914,
            "children": {
                "TrainerController._reset_env": {
                    "total": 10.5026145,
                    "count": 1,
                    "self": 10.5026145
                },
                "TrainerController.advance": {
                    "total": 4212.440833400021,
                    "count": 378054,
                    "self": 5.042543599933197,
                    "children": {
                        "env_step": {
                            "total": 4207.398289800088,
                            "count": 378054,
                            "self": 3824.6540579001958,
                            "children": {
                                "SubprocessEnvManager._take_step": {
                                    "total": 377.0766792000111,
                                    "count": 378054,
                                    "self": 30.762760500013314,
                                    "children": {
                                        "TorchPolicy.evaluate": {
                                            "total": 346.31391869999777,
                                            "count": 375937,
                                            "self": 346.31391869999777
                                        }
                                    }
                                },
                                "workers": {
                                    "total": 5.667552699880725,
                                    "count": 378053,
                                    "self": 0.0,
                                    "children": {
                                        "worker_root": {
                                            "total": 4202.219584600001,
                                            "count": 378053,
                                            "is_parallel": true,
                                            "self": 879.9352836001462,
                                            "children": {
                                                "steps_from_proto": {
                                                    "total": 0.0003828999999999638,