{
    "name": "root",
    "gauges": {
        "PetanqueThrower.Policy.Entropy.mean": {
            "value": 1.3297680616378784,
            "min": 1.3294168710708618,
            "max": 1.4274628162384033,
            "count": 479
        },
        "PetanqueThrower.Policy.Entropy.sum": {
            "value": 2663.525390625,
            "min": 2569.669189453125,
            "max": 2915.472412109375,
            "count": 479
        },
        "PetanqueThrower.Environment.EpisodeLength.mean": {
            "value": 38.75,
            "min": 23.426829268292682,
            "max": 67.10344827586206,
            "count": 479
        },
        "PetanqueThrower.Environment.EpisodeLength.sum": {
            "value": 2015.0,
            "min": 1857.0,
            "max": 2087.0,
            "count": 479
        },
        "PetanqueThrower.Step.mean": {
            "value": 957997.0,
            "min": 1941.0,
            "max": 957997.0,
            "count": 479
        },
        "PetanqueThrower.Step.sum": {
            "value": 957997.0,
            "min": 1941.0,
            "max": 957997.0,
            "count": 479
        },
        "PetanqueThrower.Policy.ExtrinsicValueEstimate.mean": {
            "value": 1.356903076171875,
            "min": 0.5942341089248657,
            "max": 1.6444454193115234,
            "count": 479
        },
        "PetanqueThrower.Policy.ExtrinsicValueEstimate.sum": {
            "value": 90.91250610351562,
            "min": 41.44908142089844,
            "max": 100.44032287597656,
            "count": 479
        },
        "PetanqueThrower.Environment.CumulativeReward.mean": {
            "value": 2.1555053638476953,
            "min": 0.9376922053726096,
            "max": 3.075316123664379,
            "count": 479
        },
        "PetanqueThrower.Environment.CumulativeReward.sum": {
            "value": 109.93077355623245,
            "min": 64.45214992761612,
            "max": 119.93907529115677,
            "count": 479
        },
        "PetanqueThrower.Policy.ExtrinsicReward.mean": {
            "value": 2.1555053638476953,
            "min": 0.9376922053726096,
            "max": 3.075316123664379,
            "count": 479
        },
        "PetanqueThrower.Policy.ExtrinsicReward.sum": {
            "value": 109.93077355623245,
            "min": 64.45214992761612,
            "max": 119.93907529115677,
            "count": 479
        },
        "PetanqueThrower.IsTraining.mean": {
            "value": 1.0,
            "min": 1.0,
            "max": 1.0,
            "count": 479
        },
        "PetanqueThrower.IsTraining.sum": {
            "value": 1.0,
            "min": 1.0,
            "max": 1.0,
            "count": 479
        },
        "PetanqueThrower.Losses.PolicyLoss.mean": {
            "value": 0.05770627542612298,
            "min": 0.045530522969784215,
            "max": 0.08747068994368117,
            "count": 461
        },
        "PetanqueThrower.Losses.PolicyLoss.sum": {
            "value": 0.05770627542612298,
            "min": 0.045530522969784215,
            "max": 0.08747068994368117,
            "count": 461
        },
        "PetanqueThrower.Losses.ValueLoss.mean": {
            "value": 0.017411273188675597,
            "min": 0.0005222816719954911,
            "max": 0.12440957862418145,
            "count": 461
        },
        "PetanqueThrower.Losses.ValueLoss.sum": {
            "value": 0.017411273188675597,
            "min": 0.0005222816719954911,
            "max": 0.12440957862418145,
            "count": 461
        },
        "PetanqueThrower.Policy.LearningRate.mean": {
            "value": 1.3081295639599992e-05,
            "min": 1.3081295639599992e-05,
            "max": 0.0002993835002055,
            "count": 461
        },
        "PetanqueThrower.Policy.LearningRate.sum": {
            "value": 1.3081295639599992e-05,
            "min": 1.3081295639599992e-05,
            "max": 0.0002993835002055,
            "count": 461
        },
        "PetanqueThrower.Policy.Epsilon.mean": {
            "value": 0.1043604,
            "min": 0.1043604,
            "max": 0.1997945,
            "count": 461
        },
        "PetanqueThrower.Policy.Epsilon.sum": {
            "value": 0.1043604,
            "min": 0.1043604,
            "max": 0.1997945,
            "count": 461
        },
        "PetanqueThrower.Policy.Beta.mean": {
            "value": 0.00022758395999999994,
            "min": 0.00022758395999999994,
            "max": 0.00498974555,
            "count": 461
        },
        "PetanqueThrower.Policy.Beta.sum": {
            "value": 0.00022758395999999994,
            "min": 0.00022758395999999994,
            "max": 0.00498974555,
            "count": 461
        }
    },
    "metadata": {
        "timer_format_version": "0.1.0",
        "start_time_seconds": "1747150229",
        "python_version": "3.8.20 (default, Oct  3 2024, 15:19:54) [MSC v.1929 64 bit (AMD64)]",
        "command_line_arguments": "C:\\Users\\milan\\anaconda3\\envs\\ml-agent-ball\\Scripts\\mlagents-learn mltraining.yaml --run-id=Ball-v3 --force",
        "mlagents_version": "0.30.0",
        "mlagents_envs_version": "0.30.0",
        "communication_protocol_version": "1.5.0",
        "pytorch_version": "2.4.1+cpu",
        "numpy_version": "1.21.2",
        "end_time_seconds": "1747157024"
    },
    "total": 6794.693044000001,
    "count": 1,
    "self": 0.009781199999451928,
    "children": {
        "run_training.setup": {
            "total": 0.13693199999999983,
            "count": 1,
            "self": 0.13693199999999983
        },
        "TrainerController.start_learning": {
            "total": 6794.546330800001,
            "count": 1,
            "self": 27.496905899404737,
            "children": {
                "TrainerController._reset_env": {
                    "total": 9.7678088,
                    "count": 1,
                    "self": 9.7678088
                },
                "TrainerController.advance": {
                    "total": 6757.233123800595,
                    "count": 975311,
                    "self": 11.929370300580558,
                    "children": {
                        "env_step": {
                            "total": 6745.303753500015,
                            "count": 975311,
                            "self": 5851.845106699938,
                            "children": {
                                "SubprocessEnvManager._take_step": {
                                    "total": 878.6822134000406,
                                    "count": 975311,
                                    "self": 70.30573380036708,
                                    "children": {
                                        "TorchPolicy.evaluate": {
                                            "total": 808.3764795996735,
                                            "count": 958308,
                                            "self": 808.3764795996735
                                        }
                                    }
                                },
                                "workers": {
                                    "total": 14.776433400036709,
                                    "count": 975310,
                                    "self": 0.0,
                                    "children": {
                                        "worker_root": {
                                            "total": 6754.605347500061,
                                            "count": 975310,
                                            "is_parallel": true,
                                            "self": 2054.9833173998504,
                                            "children": {
                                                "steps_from_proto": {
                                                    "total": 0.00024379999999979418,
                                                    "count": 1,